StoreID,Date,TransactionID,Amount
123,01-01-2026,10001,100
210,20-01-2026,20010,330
124,02-01-2026,10002,250
125,03-01-2026,10003,175
203,13-01-2026,20003,95
126,04-01-2026,10004,320
127,05-01-2026,10005,90
128,06-01-2026,10006,540
208,18-01-2026,20008,389
129,07-01-2026,10007,130
130,08-01-2026,10008,410
131,09-01-2026,10009,270
132,10-01-2026,10010,355
201,11-01-2026,20001,180